County,Incidence per 1000,Case Fatality
Cuming County,,
Wahkiakum County,,
De Baca County,,
Lancaster County,,
Nuckolls County,,
Las Piedras Municipio,,
Minnehaha County,"0.59","1.64"
Menard County,,
Sierra County,,
Clinton County,,
Hancock County,,
Hale County,,
Clay County,,
Armstrong County,,
Allen County,,
McDuffie County,,
Sauk County,,
Stone County,,
Wallowa County,,
Beaver County,"0.94","1.36"
Jasper County,,
Henry County,,
Saguache County,,
Chatham County,,
Rich County,,
Adair County,,
Lake County,"0.41","2.32"
Salem city,,
Montgomery County,,
Hamilton County,"0.76","1.49"
Otero County,,
Catron County,,
Marengo County,,
Lincoln County,,
Barton County,,
Calhoun County,,
Poquoson city,,
Pocahontas County,,
Clay County,,
James City County,"0.47","0.84"
Keith County,,
Phelps County,,
Calcasieu Parish,"2.67","3.96"
Union Parish,,
Sequoyah County,,
DeKalb County,,
Steuben County,"4.17","2.30"
Forest County,,
Tangipahoa Parish,"2.78","3.50"
Stafford County,,
Menominee County,,
Jasper County,,
Brantley County,,
Lamar County,,
Steuben County,,
Orange County,,
Fayette County,,
Hampshire County,"1.44","1.94"
Allen County,,
Alamance County,,
Greenwood County,,
Suffolk County,"1.64","1.83"
Jefferson County,,
Gonzales County,,
Marion County,,
Alpena County,,
Wayne County,,
White County,,
Fannin County,,
Doniphan County,,
Kerr County,,
Hernando County,,
Wakulla County,,
Walton County,,
Chickasaw County,,
Ketchikan Gateway Borough,,
Clare County,,
Republic County,,
Volusia County,"0.45","1.95"
Canadian County,,
Quebradillas Municipio,,
St. Thomas Island,,
Floyd County,"1.54","3.83"
Churchill County,,
Webster County,,
Hancock County,,
Hutchinson County,,
Crook County,,
Franklin County,,
Marquette County,,
Middlesex County,"0.95","2.78"
Davidson County,"0.41","1.01"
Clay County,,
Knox County,,
Livingston County,,
Tioga County,,
Dakota County,,
Leelanau County,,
Surry County,,
Refugio County,,
Butler County,"0.44","2.45"
Terrell County,"1.56","3.62"
Clayton County,"1.55","3.08"
Fremont County,,
Ohio County,,
Columbia County,,
Sedgwick County,,
Musselshell County,,
Dauphin County,"1.00","1.40"
Moody County,,
Putnam County,,
Sussex County,"2.30","2.61"
Decatur County,,
Perry County,,
Union County,,
Boyd County,,
Mille Lacs County,,
Walsh County,,
Morgan County,,
Portage County,"0.43","2.46"
Uinta County,,
Humboldt County,,
Jim Hogg County,,
Cheyenne County,,
Clackamas County,"0.37","2.03"
Polk County,,
Macon County,,
Benton County,,
Morgan County,,
Douglas County,,
Worcester County,,
Wabash County,,
Huntington County,,
Scott County,,
Decatur County,,
Wabash County,,
Allen County,"1.05","2.79"
Marshall County,,
Thomas County,,
Sioux County,,
Dimmit County,,
Fillmore County,,
Chester County,,
Lac qui Parle County,,
Cache County,,
Pierce County,,
Charlton County,,
Polk County,,
McLean County,,
Androscoggin County,,
Kootenai County,,
Clark County,"0.69","2.63"
Phillips County,,
Holt County,,
Johnson County,,
La Crosse County,,
Caldwell Parish,,
Edmonson County,,
Bond County,,
Brown County,,
McLeod County,,
Dunn County,,
Custer County,,
Madison County,,
Nolan County,,
Wayne County,,
Saratoga County,"3.73","1.93"
Brazos County,"0.29","1.83"
Marshall County,,
Allegany County,,
Wetzel County,,
Jackson County,,
Clatsop County,,
Lewis County,,
Allegany County,,
Cedar County,,
Orange County,,
DeKalb County,"1.45","3.38"
Pickens County,,
Chouteau County,,
Brown County,,
Campbell County,,
Franklin County,,
Baltimore city,"0.69","1.57"
Lyon County,,
Carroll County,,
Tensas Parish,,
Monroe County,,
Hamilton County,,
Pocahontas County,,
Gem County,,
Independence County,,
Lonoke County,,
Newton County,,
Franklin County,,
Hendry County,,
Taliaferro County,,
Jefferson County,,
Meagher County,,
La Plata County,,
Bell County,"0.30","2.03"
Kemper County,,
Clark County,,
Klamath County,,
Oswego County,,
Naranjito Municipio,,
Cherokee County,,
Bandera County,,
Rosebud County,,
Union County,,
Schoolcraft County,,
Ulster County,"4.17","2.23"
Camden County,"2.69","2.91"
Jersey County,,
Hanover County,,
Wallace County,,
Alger County,,
Fulton County,,
Hidalgo County,"0.32","1.15"
Robeson County,,
Newaygo County,,
Morrow County,,
Todd County,,
Logan County,,
Lincoln County,,
Miller County,,
Orange County,"0.47","1.78"
San Juan County,,
Franklin County,,
Carroll County,"1.49","4.05"
Riley County,,
Schleicher County,,
Russell County,,
Caldwell County,,
Madison County,,
Warrick County,,
Adair County,,
Gallatin County,,
Harrison County,,
Sagadahoc County,,
Sweet Grass County,,
Grayson County,,
Greene County,,
Northwest Arctic Borough,,
Ellis County,,
Hale County,,
Perry County,,
Colbert County,,
Pratt County,,
Bourbon County,,
Rutherford County,"0.74","1.56"
Cook County,,
Lane County,,
Harper County,,
Piatt County,,
Crosby County,,
Fajardo Municipio,,
Greene County,,
Clark County,,
Kossuth County,,
Yabucoa Municipio,,
Burke County,,
Durham County,"0.41","1.00"
Harrison County,,
Keya Paha County,,
Webster County,,
Pope County,,
Smith County,,
Henry County,,
Alexandria city,"0.48","0.85"
Jefferson County,,
Lewis and Clark County,,
Duchesne County,,
Alfalfa County,,
Delta County,,
Trousdale County,,
Perry County,,
Deuel County,,
Jackson County,,
Hormigueros Municipio,,
Zavala County,,
Banner County,,
Madison County,,
Broward County,"0.46","1.66"
Toombs County,,
Sanilac County,,
Rockwall County,,
Wayne County,"1.17","3.89"
Nobles County,,
Aitkin County,,
Ramsey County,,
Person County,,
Trego County,,
Washington County,,
Eastland County,,
Issaquena County,,
DeWitt County,,
Angelina County,,
Saluda County,,
Maries County,,
Arkansas County,,
Lawrence County,,
Charlottesville city,,
Bureau County,,
Scioto County,,
Madison County,,
Jerome County,,
Vinton County,,
McLennan County,"0.31","2.04"
Custer County,,
Howard County,,
Palm Beach County,"0.45","1.77"
Lincoln County,,
Butler County,,
Sumner County,"0.72","1.47"
King and Queen County,,
Carroll County,,
Waynesboro city,,
Sitka City and Borough,,
Multnomah County,"0.40","2.09"
Grundy County,,
Hubbard County,,
Sargent County,,
St. Lawrence County,"4.49","2.67"
Reynolds County,,
Sacramento County,"0.33","2.44"
Paulding County,,
Wells County,,
Floyd County,,
Santa Barbara County,"0.33","2.98"
Boone County,,
Benton County,,
Crittenden County,,
Palo Alto County,,
Ringgold County,,
Randolph County,,
Cecil County,,
Warren County,,
Greeley County,,
Jefferson County,,
Saline County,,
Knott County,,
Clinton County,,
Jackson County,,
Dodge County,,
Freeborn County,,
Calaveras County,,
Barnstable County,"1.37","1.75"
Middlesex County,,
Jefferson County,,
Lake County,"1.11","2.61"
Bedford County,,
Clay County,,
Coles County,,
Lauderdale County,,
Baker County,,
Schuyler County,,
Van Buren County,,
Mercer County,,
Lawrence County,,
Morgan County,,
Muhlenberg County,,
Effingham County,,
Loudon County,,
Clark County,,
Honolulu County,"0.51","1.57"
Gilchrist County,,
Tippecanoe County,,
Snyder County,,
Lamar County,,
Miami-Dade County,"0.49","1.35"
Dundy County,,
Leon County,,
Pitkin County,,
Grand Forks County,,
LaPorte County,,
Hamilton County,"0.92","2.71"
Emporia city,,
Lincoln County,,
Greeley County,,
Harris County,,
Screven County,,
San Juan Municipio,,
Stonewall County,,
Henry County,,
Grafton County,,
Newton County,,
Posey County,,
McMullen County,,
Cumberland County,,
Walton County,,
Pope County,,
Rappahannock County,,
Amherst County,,
Ventura County,"0.31","2.40"
Crawford County,,
Park County,,
Los Angeles County,"0.33","1.91"
Yuma County,,
Gordon County,,
Calhoun County,,
Highlands County,,
Covington city,,
Orange County,,
McPherson County,,
Pinal County,"0.92","2.42"
Fulton County,,
Alamosa County,,
Citrus County,,
Culebra Municipio,,
Dorado Municipio,,
DeKalb County,,
Clarion County,,
Miner County,,
Jerauld County,,
Decatur County,"0.97","2.59"
Dubois County,,
Essex County,,
Williamsburg County,,
Essex County,,
Worth County,,
Hughes County,,
Buchanan County,,
Alleghany County,,
Lowndes County,,
Scott County,,
Prowers County,,
Sutton County,,
Sabana Grande Municipio,,
Muskogee County,,
Christian County,,
Ciales Municipio,,
Lamar County,,
Ripley County,"1.01","2.76"
Mercer County,,
Hart County,,
Jackson Parish,,
Northumberland County,,
Fort Bend County,"0.26","1.48"
Green Lake County,,
Pondera County,,
Walworth County,,
Mineral County,,
Fulton County,,
Suffolk County,"3.90","1.85"
Union County,,
McDonald County,,
Scotts Bluff County,,
San Miguel County,,
Lee County,"0.75","3.20"
Parker County,,
Dickey County,,
Barnes County,,
Sibley County,,
Upson County,,
Sonoma County,"0.30","2.49"
Chippewa County,,
Bonneville County,,
Barrow County,,
Long County,,
Kinney County,,
Ottawa County,,
Clearfield County,,
Clinton County,"0.94","4.15"
Santa Isabel Municipio,,
Montgomery County,,
Alcorn County,,
Lafayette County,,
Grant Parish,,
Atchison County,,
Macon County,,
St. Joseph County,,
Franklin County,,
Garfield County,,
Adams County,,
Olmsted County,"0.31","2.75"
Union County,"2.70","2.92"
Trujillo Alto Municipio,,
Mobile County,"0.77","2.87"
McCook County,,
Fayette County,,
Chambers County,"0.77","2.99"
Northampton County,,
Moffat County,,
Green County,,
Franklin County,"0.95","2.79"
Beaufort County,,
Jayuya Municipio,,
Burleigh County,,
Rowan County,,
Iron County,,
Kandiyohi County,,
Wolfe County,,
Fayette County,,
Lawrence County,,
Washington County,,
Briscoe County,,
Ontonagon County,,
Carroll County,,
Benton County,,
Rock County,,
Indiana County,,
Lincoln Parish,,
Perry County,,
Ziebach County,,
Harrison County,,
Baraga County,,
Rogers County,,
Boone County,"0.50","2.10"
Mayagüez Municipio,,
Caddo County,,
Jefferson County,"1.44","2.26"
Cabell County,,
Reagan County,,
Van Buren County,,
Summit County,"1.45","3.58"
Cowley County,,
Johnson County,,
Hamilton County,,
Craig County,,
Coleman County,,
Yukon-Koyukuk Census Area,,
Navajo County,"0.95","2.67"
Lincoln County,,
Ochiltree County,,
Crane County,,
Big Horn County,,
Hickman County,,
Tunica County,,
Harrison County,,
Canóvanas Municipio,,
Bartholomew County,,
Paulding County,,
Brown County,,
Putnam County,"0.80","1.75"
Ward County,,
Worcester County,"1.51","1.87"
Logan County,,
Kings County,,
San Diego County,"0.31","2.41"
Salinas Municipio,,
Crawford County,,
Naguabo Municipio,,
Cass County,,
Dutchess County,"4.12","2.08"
Washington County,,
Pueblo County,,
Douglas County,,
Bottineau County,,
Cumberland County,,
Hot Springs County,,
Alcona County,,
Placer County,"0.28","2.34"
Searcy County,,
Lynn County,,
Otsego County,,
Richmond County,,
Hoke County,,
Otoe County,,
Cameron County,,
Dorchester County,,
Waseca County,,
Brule County,,
Warren County,,
Clark County,,
Robertson County,,
Lake County,,
Berkeley County,,
Garland County,,
Osage County,,
Trumbull County,"0.45","2.65"
Mills County,,
Oldham County,,
Butler County,"0.90","1.27"
Idaho County,,
Marion County,,
Buckingham County,,
Cabarrus County,"0.38","0.99"
Webster County,,
Davis County,"1.54","0.74"
Cottonwood County,,
Okeechobee County,,
Union County,,
Black Hawk County,,
Sabine County,,
Pike County,,
Tuscaloosa County,,
Wilcox County,,
Montgomery County,,
Kearney County,,
Hitchcock County,,
New Castle County,"0.60","1.97"
Teton County,,
Rock Island County,,
Gloucester County,,
Sevier County,,
Cass County,,
Power County,,
Carroll County,,
Philadelphia County,"1.12","1.29"
Washakie County,,
Camden County,,
Tompkins County,"4.03","2.44"
Jefferson County,"1.22","2.00"
Lincoln County,,
Vernon County,,
Iron County,,
Hopkins County,,
Albany County,"3.99","1.91"
Houston County,,
Monroe County,,
Rush County,,
Montgomery County,,
Stanton County,,
Lee County,,
Koochiching County,,
Bexar County,"0.30","1.87"
Boulder County,"1.49","2.81"
Jefferson County,,
Mayes County,,
Watonwan County,,
Blaine County,"3.93","1.29"
Jefferson Davis Parish,,
Sully County,,
Denver County,"1.59","2.45"
Coal County,,
Carter County,,
Upton County,,
Gibson County,,
Kimball County,,
Kendall County,,
District of Columbia,"1.02","2.20"
Montrose County,,
Wright County,,
Kenosha County,"0.61","2.78"
Eagle County,"1.47","3.53"
San Francisco County,"0.30","2.19"
San Miguel County,,
Anchorage Municipality,"0.51","2.04"
St. Johns County,"0.40","1.87"
Choctaw County,,
Grundy County,,
Lake County,,
Ottawa County,,
Cook County,"0.71","2.34"
Gallatin County,,
Greenwood County,,
Franklin County,,
Clay County,,
Haywood County,,
Box Elder County,,
Tippah County,,
Marshall County,,
Jackson County,,
Elmore County,,
Baltimore County,"0.61","1.74"
Benson County,,
Pike County,,
Lawrence County,,
Scott County,,
Adams County,,
Erath County,,
Habersham County,,
Wilkinson County,,
Monongalia County,,
Crawford County,,
DeSoto County,,
New London County,"1.01","3.03"
Guernsey County,,
Barry County,,
Stone County,,
Richmond city,"0.56","0.83"
Stokes County,,
Clarke County,,
Fayette County,,
Marin County,"0.29","2.71"
Randall County,,
Rusk County,,
Warren County,,
Van Wert County,,
Glades County,,
Meriwether County,,
Costilla County,,
Coryell County,,
Adair County,,
Chattahoochee County,,
Mariposa County,,
Howard County,,
Marion County,"0.44","2.48"
Milwaukee County,"0.66","2.44"
Scott County,,
Pickaway County,,
Powhatan County,,
Broomfield County,,
Lawrence County,,
Antrim County,,
Marlboro County,,
Benewah County,,
Lee County,,
Nemaha County,,
Carteret County,,
Pottawatomie County,,
Jackson County,"1.07","4.51"
Comal County,,
Nantucket County,,
Bamberg County,,
Aransas County,,
Berrien County,,
Vermillion County,,
Roscommon County,,
Alleghany County,,
Lassen County,,
Falls Church city,,
Manatee County,"0.45","2.08"
Muskingum County,,
Chaffee County,,
Crowley County,,
Fremont County,,
Pearl River County,,
Perry County,,
Custer County,,
Calhoun County,,
Kenton County,,
Chickasaw County,,
DeKalb County,,
Hancock County,,
Stark County,,
Luce County,,
Carter County,,
Pasquotank County,,
Taos County,,
Bolivar County,,
Nye County,,
Hawkins County,,
Bowman County,,
Fulton County,,
Lafayette Parish,"2.59","3.68"
Jack County,,
Stark County,,
Greer County,,
Hemphill County,,
Nez Perce County,,
Walworth County,,
Napa County,,
Cotton County,,
Washington County,,
Cayuga County,,
Shackelford County,,
San Jacinto County,,
Dubuque County,,
Goochland County,,
Sherman County,,
Richland County,,
Adams County,,
Champaign County,,
Sullivan County,,
Iroquois County,,
Poweshiek County,,
Wayne County,,
Fayette County,"1.23","3.21"
Hancock County,,
Kendall County,,
Greene County,,
Orange County,,
McCurtain County,,
Tift County,,
Cass County,,
Kingsbury County,,
Converse County,,
Herkimer County,,
Logan County,,
Gogebic County,,
Becker County,,
Marshall County,,
Union County,,
Mineral County,,
Ashland County,,
Ford County,,
Emmons County,,
Shasta County,,
Vermilion Parish,,
Randolph County,,
Oneida County,,
East Carroll Parish,,
East Feliciana Parish,,
St. Bernard Parish,"2.70","3.46"
Wharton County,,
Prince of Wales-Hyder Census Area,,
Petersburg Borough,,
Floyd County,,
Wrangell City and Borough,,
Madison County,,
Blount County,,
Gallatin County,"0.80","1.59"
Darlington County,,
Escambia County,,
Haralson County,,
Allen County,,
Douglas County,,
Greene County,,
Guam,,
Waushara County,,
Izard County,,
Monterey County,"0.33","3.16"
Grant County,,
Miller County,,
Wilkes County,,
Juneau City and Borough,,
Platte County,,
Buchanan County,,
Limestone County,,
Henry County,,
Polk County,,
Ottawa County,,
Norman County,,
Shelby County,,
Carroll County,"0.56","1.66"
Benton County,,
Martin County,,
Chisago County,,
Owsley County,,
Bradford County,,
Hancock County,,
Cole County,,
Berrien County,"1.10","5.50"
Huntingdon County,,
Dawes County,,
Patrick County,,
Montmorency County,,
Oscoda County,,
Colfax County,,
St. Clair County,"0.68","2.05"
Washington County,,
Bedford County,,
Scott County,,
Labette County,,
Lawrence County,,
Harrison County,,
Alexander County,,
Cape May County,"2.50","2.79"
Cheshire County,,
Marshall County,,
King William County,,
Huerfano County,,
Karnes County,,
Chester County,,
Scott County,,
Millard County,,
Morgan County,,
Kaufman County,,
Greenlee County,,
Maricopa County,"0.86","2.27"
Ogemaw County,,
Jackson County,,
Richland County,,
Blount County,,
Liberty County,,
Duval County,,
Ralls County,,
Johnson County,,
Clay County,,
Grant County,,
Coos County,,
Franklin County,,
Warren County,,
Madison County,,
Atoka County,,
Menard County,,
Bartow County,"1.42","3.27"
Lake County,"0.46","1.86"
Okmulgee County,,
Sheridan County,,
Fulton County,,
Johnson County,"0.47","2.75"
Calvert County,,
Washburn County,,
Jefferson County,,
Aguada Municipio,,
Winona County,,
Warren County,,
Andrew County,,
Montgomery County,,
Cherokee County,,
Halifax County,,
Sandoval County,"0.47","2.19"
Clay County,,
Clinton County,,
Linn County,,
Lafayette County,,
Washington County,,
Preston County,,
Rota Municipality,,
Waupaca County,,
Edwards County,,
Lake County,,
Ozark County,,
Waller County,,
Monroe County,,
Essex County,,
Lunenburg County,,
Traill County,,
Hall County,"1.45","3.82"
Treutlen County,,
Calhoun County,,
Vilas County,,
Beltrami County,,
Coamo Municipio,,
Guánica Municipio,,
Dorchester County,,
Columbia County,,
Clark County,,
Maverick County,,
Pima County,"0.92","2.72"
Cibola County,,
Burlington County,"2.42","2.61"
Rutland County,,
Early County,"1.55","4.26"
Dukes County,,
McHenry County,,
Wayne County,,
LaMoure County,,
Butte County,,
Coos County,,
Kidder County,,
Kleberg County,,
Porter County,"0.95","2.43"
Newton County,,
Sampson County,,
Moore County,,
Pinellas County,"0.45","1.68"
Barranquitas Municipio,,
Hamilton County,,
Perry County,,
Cheyenne County,,
Delta County,,
Wayne County,,
Gaines County,,
Marion County,,
Watauga County,,
Roanoke city,,
Martin County,,
Bowie County,,
Weber County,,
Marion County,,
Jefferson County,,
Jackson County,,
Nelson County,,
Clinton County,,
Garfield County,,
Ray County,,
Hocking County,,
Lowndes County,,
Candler County,,
Linn County,"0.55","1.42"
Trinity County,,
Muscogee County,,
Tallahatchie County,,
Atchison County,,
Lares Municipio,,
Andrews County,,
Miami County,"0.41","2.31"
Potter County,,
Seminole County,,
Aiken County,,
Manu'a District,,
Mendocino County,,
Chesapeake city,"0.48","0.70"
Tinian Municipality,,
Yauco Municipio,,
Sweetwater County,,
Garza County,,
Hardy County,,
Adjuntas Municipio,,
Ozaukee County,"0.54","2.42"
Sullivan County,,
Laurens County,,
Crook County,,
Sheboygan County,,
Hampden County,"1.68","2.22"
Caldwell County,,
Cloud County,,
Inyo County,,
Coosa County,,
Dickinson County,,
Harlan County,,
Geary County,,
Berks County,"1.04","1.51"
Carter County,,
Lyon County,,
Charlotte County,,
Washington County,,
Newberry County,,
Isle of Wight County,,
Wheeler County,,
Butler County,,
Iberville Parish,"2.78","3.19"
Sharkey County,,
Fauquier County,,
Radford city,,
Douglas County,,
Franklin County,,
Greene County,,
Rush County,,
Washington County,"0.54","2.38"
Laclede County,,
Mercer County,,
Craighead County,,
Saline County,,
White County,,
De Witt County,,
White Pine County,,
Goodhue County,,
Swain County,,
Pasco County,"0.46","1.78"
Sumter County,"0.42","1.82"
Nassau County,"3.93","1.88"
Steele County,,
Vanderburgh County,,
Franklin County,,
Avery County,,
Wood County,,
Bayfield County,,
Stewart County,,
Portage County,,
Lexington County,"0.61","2.08"
Anne Arundel County,"0.58","1.75"
Fond du Lac County,,
Webster County,,
Kewaunee County,,
Parmer County,,
Woods County,,
Elliott County,,
Berkshire County,"1.51","1.99"
Chariton County,,
Rio Blanco County,,
Morgan County,,
Malheur County,,
Middlesex County,"2.59","2.83"
Russell County,,
Putnam County,,
Haakon County,,
Macon County,,
Cleburne County,"1.00","1.78"
Pike County,,
Adams County,,
Bristol County,"1.55","1.81"
Schuylkill County,"0.99","1.33"
Wells County,,
Cleveland County,,
Hot Spring County,,
Frederick County,"0.58","1.73"
Schuyler County,,
Mono County,,
Tuolumne County,,
Doña Ana County,,
Crisp County,,
Columbia County,,
Griggs County,,
Solano County,"0.32","2.53"
Clayton County,,
Titus County,,
Hampshire County,,
Moore County,,
Barton County,,
Slope County,,
Richland Parish,,
Garfield County,,
St. Martin Parish,"2.71","4.11"
Sumter County,,
Winston County,,
Seminole County,"0.41","1.59"
Forrest County,,
Ingham County,"1.08","4.56"
Shawnee County,,
Hanson County,,
Itasca County,,
Lincoln County,,
Madison County,"3.85","2.08"
Washington County,,
Johnson County,"0.95","2.50"
Terry County,,
Harding County,,
Talladega County,,
Langlade County,,
Foard County,,
Buena Vista County,,
Mills County,,
Real County,,
Delaware County,"0.40","2.52"
Forsyth County,"0.41","0.95"
Carson City,,
Dallas County,,
Carson County,,
Sumter County,"1.57","3.44"
Wayne County,,
Anderson County,"0.66","2.15"
Carbon County,,
Silver Bow County,,
Stephenson County,,
Lapeer County,,
Claiborne Parish,,
Yalobusha County,,
Maricao Municipio,,
Kalkaska County,,
Aguadilla Municipio,,
Evangeline Parish,,
Hardeman County,,
Cochise County,,
Hidalgo County,,
Divide County,,
San Bernardino County,"0.34","2.24"
Montezuma County,,
Clarke County,,
Marion County,,
Douglas County,"0.49","1.66"
Fairfax city,,
Harmon County,,
Cedar County,,
Clarke County,"1.49","3.96"
Valley County,,
Knox County,,
Ouachita County,,
Darke County,,
Kay County,,
Dewey County,,
Tillamook County,,
Coweta County,"1.30","3.26"
Simpson County,,
Stone County,,
Contra Costa County,"0.30","2.31"
Carroll County,,
Henrico County,"0.48","0.78"
Owen County,,
Westchester County,"4.26","2.15"
Bollinger County,,
McDowell County,,
Harrison County,,
Granville County,,
New Haven County,"1.06","3.00"
Pierce County,,
Bleckley County,,
Burke County,,
Union County,,
Kankakee County,"0.71","2.40"
McIntosh County,,
Platte County,,
Warren County,,
Aibonito Municipio,,
Marion County,,
Clay County,,
Sussex County,"0.60","2.12"
Jasper County,,
Randolph County,,
Butler County,,
Hays County,"0.28","1.91"
Medina County,,
Mason County,,
Beaufort County,"0.61","2.30"
Yankton County,,
Rock County,,
Pickens County,,
Columbia County,,
Clinton County,,
Clinton County,,
Minidoka County,,
Sullivan County,,
Rankin County,"0.56","1.41"
Motley County,,
Lane County,,
Wichita County,,
Shiawassee County,,
Jewell County,,
Mitchell County,,
Bradford County,,
Marion County,,
George County,,
Jo Daviess County,,
Hancock County,"0.92","2.35"
Franklin city,,
Midland County,,
Scott County,,
Cascade County,,
Harrisonburg city,,
Williamson County,,
Flathead County,,
Peñuelas Municipio,,
Stevens County,,
Fayette County,"0.51","3.61"
Hancock County,,
Brown County,,
Barbour County,,
Wayne County,,
Box Butte County,,
Northumberland County,,
Victoria County,,
Buena Vista city,,
St. Clair County,"1.00","3.66"
Thurston County,,
Lamoille County,,
Franklin County,,
Blaine County,,
Kittitas County,,
Randolph County,,
Kane County,,
Tucker County,,
Ponce Municipio,,
Crawford County,,
Jackson County,,
Mahaska County,,
Douglas County,,
Daviess County,"0.53","3.56"
Powell County,,
Jasper County,,
Union County,,
Henry County,"1.32","3.08"
Adams County,,
Pamlico County,,
Graves County,,
Cambria County,,
McMinn County,,
Livingston County,"0.93","4.02"
Adams County,"1.66","2.51"
Lackawanna County,"1.01","1.38"
Pontotoc County,,
Creek County,,
Tyler County,,
Van Buren County,,
Pottawatomie County,,
Tolland County,"0.94","2.93"
Socorro County,,
Atkinson County,,
Duval County,"0.47","1.83"
Falls County,,
Yell County,,
Comanche County,,
Jessamine County,,
Monroe County,,
Kiowa County,,
Lake County,,
Caswell County,,
Presidio County,,
Greene County,,
Willacy County,,
Bayamón Municipio,,
Los Alamos County,,
Kenai Peninsula Borough,,
Baldwin County,,
Appanoose County,,
St. Croix Island,,
New Kent County,,
Talbot County,,
Lewis County,,
Clay County,,
Jefferson County,,
Bedford County,,
Mora County,,
Boone County,,
Oregon County,,
Houston County,,
Wyoming County,,
Lenoir County,,
Vigo County,,
Elkhart County,,
Grayson County,,
Lubbock County,"0.30","1.75"
Meeker County,,
Ashland County,,
Madison County,,
Martin County,"0.44","2.03"
Mineral County,,
Dawson County,,
Johnson County,,
Monroe County,,
Dallas County,,
Pittsylvania County,,
Denali Borough,,
Pawnee County,,
Wyandotte County,"0.59","2.70"
Dixie County,,
Tuscola County,,
Southeast Fairbanks Census Area,,
Graham County,,
St. Landry Parish,,
Giles County,,
Lucas County,"0.48","2.74"
Mississippi County,,
Rincón Municipio,,
Floyd County,,
Morton County,,
Grant County,,
Taylor County,,
Graham County,,
Logan County,,
Pleasants County,,
Giles County,,
Fayette County,,
Snohomish County,"0.85","4.38"
Eddy County,,
McPherson County,,
Red Willow County,,
Rock County,,
Humphreys County,,
Mason County,,
Wythe County,,
Washington County,,
Yakima County,"1.01","6.31"
Washington County,,
Henderson County,,
Eau Claire County,,
Sequatchie County,,
Walker County,,
Coconino County,"0.88","2.70"
Sumner County,,
Oceana County,,
Kanabec County,,
Ashtabula County,,
Alpine County,,
Galveston County,"0.29","1.56"
Bullock County,,
Livingston County,,
Preble County,,
Jackson County,,
Harris County,"0.30","1.60"
Middlesex County,"1.44","1.69"
Vega Baja Municipio,,
Dawson County,,
Ontario County,,
Valdez-Cordova Census Area,,
Autauga County,,
Miami County,,
Dodge County,,
Cortland County,,
Camden County,,
Washtenaw County,"0.99","4.08"
LaGrange County,,
Pecos County,,
Peach County,,
White County,,
Jefferson County,,
Oconto County,,
Nacogdoches County,,
Washington County,,
Okanogan County,,
Spokane County,"0.90","4.92"
Forest County,,
Sawyer County,,
Hudson County,"2.71","2.61"
Stark County,"0.44","2.57"
Guadalupe County,,
Island County,"0.83","5.43"
Jefferson County,,
Prince William County,"0.49","0.88"
Chester County,"0.92","1.33"
Mercer County,,
Roane County,,
Clallam County,,
Stevens County,,
Van Buren County,,
Gosper County,,
Monroe County,,
Escambia County,"0.45","1.87"
Tarrant County,"0.28","1.49"
Prince George's County,"0.65","1.76"
Scott County,,
Jackson County,,
Love County,,
Twiggs County,,
Mahoning County,"0.47","2.73"
Macon County,,
Wayne County,,
Swisher County,,
Osage County,,
Kane County,"0.66","2.44"
El Dorado County,,
Kershaw County,"0.62","1.92"
Gates County,,
Otero County,,
Douglas County,,
Monroe County,"0.96","1.24"
Newton County,,
Cavalier County,,
Noble County,,
Gove County,,
Pointe Coupee Parish,,
Gage County,,
St. Clair County,,
Scott County,,
Dougherty County,"1.56","3.55"
Harrison County,,
Bonner County,,
Catoosa County,,
LaSalle Parish,,
Waldo County,,
Howard County,"0.57","1.82"
Salt Lake County,"1.64","0.76"
Hartford County,"1.05","3.03"
Windham County,,
Monroe County,,
Tuscarawas County,,
Richmond County,,
Highland County,,
Lake of the Woods County,,
Bingham County,,
Cabo Rojo Municipio,,
Humacao Municipio,,
Juncos Municipio,,
Greenville County,"0.62","2.05"
Lyman County,,
Trempealeau County,,
Yolo County,,
Sterling County,,
Winkler County,,
Jackson County,,
Sevier County,,
Charles City County,,
Choctaw County,,
Knox County,,
Dawson County,,
Ford County,,
Williams County,,
Cass County,,
Hardin County,,
Arthur County,,
Frio County,,
Johnson County,"0.56","1.86"
Neosho County,,
Greenup County,,
Linn County,,
Garfield County,,
Eureka County,,
Hayes County,,
Phillips County,,
Calhoun County,,
Fairbanks North Star Borough,,
Henderson County,,
Holmes County,,
Oktibbeha County,,
Ceiba Municipio,,
Corozal Municipio,,
Fergus County,,
Garrett County,,
Webster Parish,,
Hillsdale County,,
Logan County,,
Custer County,,
Merrimack County,,
York County,"0.96","1.42"
Rutherford County,,
Beadle County,,
Cullman County,,
Douglas County,"1.40","2.95"
Johnson County,,
Washington County,,
Jones County,,
Anson County,,
Haines Borough,,
Billings County,,
Antelope County,,
Gasconade County,,
Butler County,,
St. John Island,,
Campbell County,,
Morgan County,,
Cross County,,
Phillips County,,
St. James Parish,"2.60","3.38"
Yuba County,,
Shelby County,"0.65","2.61"
Ouray County,,
Curry County,,
Washita County,,
Orange County,"0.37","1.05"
Pulaski County,,
Benzie County,,
Erie County,"4.11","1.86"
Montgomery County,"0.60","1.97"
Manassas Park city,,
Arlington County,,
Carroll County,,
St. Charles County,"0.47","1.57"
San Benito County,,
Queen Anne's County,,
Brown County,,
Bulloch County,,
Floyd County,,
Broadwater County,,
Wheeler County,,
Craven County,,
Holt County,,
Lipscomb County,,
Columbia County,,
Florence County,,
Mountrail County,,
Washington County,,
Big Horn County,,
Elk County,,
Sioux County,,
Covington County,,
Moca Municipio,,
Brown County,,
Clark County,"0.98","2.31"
Boyle County,,
Estill County,,
Collingsworth County,,
Colorado County,,
Grundy County,,
Lincoln County,,
Evans County,,
Wise County,,
Bethel Census Area,,
Webster County,,
Jones County,,
Gwinnett County,"1.36","3.52"
Polk County,,
Green County,,
Orocovis Municipio,,
Putnam County,"3.76","1.87"
Newport News city,,
Bent County,,
Jackson County,,
Sanders County,,
Glasscock County,,
Franklin County,,
Major County,,
Montgomery County,,
Pend Oreille County,,
McLean County,,
Hood River County,,
Wright County,,
Shelby County,,
Crawford County,,
Bath County,,
Otter Tail County,,
Plaquemines Parish,"2.65","3.50"
Pontotoc County,,
Morehouse Parish,,
Bullitt County,,
Dallas County,,
Comanche County,,
Lincoln County,,
San Lorenzo Municipio,,
Toa Alta Municipio,,
Cass County,,
Archuleta County,,
Yazoo County,,
Outagamie County,,
Lafayette County,,
Wilson County,,
Morrow County,,
Granite County,,
Foster County,,
Crawford County,,
Burnet County,,
Ste. Genevieve County,,
Gray County,,
McDonough County,,
Montgomery County,,
Jackson County,,
Hudspeth County,,
Rapides Parish,"2.80","4.24"
Lincoln County,,
Cass County,,
Henry County,,
Winchester city,,
Duplin County,,
Haywood County,,
Dakota County,"0.30","2.24"
Harney County,,
Maunabo Municipio,,
Adams County,,
Clark County,,
Boone County,,
Washington County,,
Avoyelles Parish,,
Tate County,,
Worth County,,
Sherman County,,
Campbell County,,
Harding County,,
Gratiot County,,
Union County,,
Massac County,,
Logan County,,
Merrick County,,
Sheridan County,,
Carlisle County,,
Natrona County,,
Worth County,,
Morgan County,"0.97","2.59"
Ellis County,,
Pierce County,,
Eastern District,,
Grant County,,
Flagler County,,
Lawrence County,,
Winn Parish,,
Henry County,,
Lincoln County,,
York County,"0.65","1.85"
Codington County,,
Pike County,,
Stewart County,,
Monmouth County,"2.39","2.52"
Clay County,,
Faulkner County,,
Delaware County,,
Keokuk County,,
Greene County,,
Lake County,,
Troup County,,
Humboldt County,,
Dickson County,,
Anoka County,,
Bon Homme County,,
Greene County,,
Sussex County,,
St. Joseph County,"1.08","3.11"
Pembina County,,
Bennett County,,
Vernon Parish,,
Penobscot County,,
Talbot County,,
Stephens County,,
Riverside County,"0.33","2.51"
Baxter County,,
Attala County,,
Story County,,
Bourbon County,,
Cumberland County,,
Sumter County,"0.71","2.02"
Lake and Peninsula Borough,,
Wyoming County,,
Kern County,"0.35","2.49"
Cooke County,,
Orangeburg County,,
Taylor County,,
Mower County,,
Murray County,,
Providence County,"0.64","1.22"
Phelps County,,
Prentiss County,,
Whitley County,,
Starke County,,
Williamson County,"0.26","1.68"
Patillas Municipio,,
Mitchell County,,
Emanuel County,,
Catahoula Parish,,
Carbon County,,
Pawnee County,,
Unicoi County,,
Spartanburg County,"0.67","2.22"
Marathon County,,
Elko County,,
Braxton County,,
Wexford County,,
Cochran County,,
Blair County,,
Hickory County,,
Barry County,,
Ramsey County,"0.35","2.63"
Little River County,,
Lyon County,,
Lee County,"0.45","2.15"
Josephine County,,
Manatí Municipio,,
Pike County,,
Coffee County,,
Lemhi County,,
Ohio County,,
Sarpy County,,
Colquitt County,,
Wilkin County,,
Randolph County,,
Kennebec County,,
Smyth County,,
Roosevelt County,,
Somerset County,,
Washington County,,
Guilford County,"0.41","0.93"
Ada County,"3.74","0.91"
Custer County,,
Marion County,,
Pike County,,
Woodford County,,
Richmond County,"1.55","3.98"
Pickens County,,
Ellis County,,
Perry County,,
Grundy County,,
Routt County,,
Somerset County,"2.35","2.64"
Colusa County,,
Johnson County,,
Hinsdale County,,
Cassia County,,
Isanti County,,
Erie County,,
Copiah County,,
Van Zandt County,,
Roanoke County,,
Augusta County,,
Bristol Bay Borough,,
Piute County,,
Mason County,,
Benton County,,
Donley County,,
Bay County,,
Lauderdale County,,
Fountain County,,
Shelby County,,
Fayette County,,
Perry County,,
Danville city,,
Banks County,,
Wayne County,,
Oklahoma County,"0.53","3.59"
Johnston County,,
Jackson County,,
Summit County,"1.53","0.94"
Polk County,,
Lander County,,
Winneshiek County,,
Bracken County,,
Florence County,,
Roane County,,
Wadena County,,
Hopewell city,,
Winnebago County,,
Gila County,,
Wicomico County,,
Carter County,,
Iredell County,,
Halifax County,,
Hertford County,,
Montgomery County,,
Pennington County,,
Whatcom County,"0.89","5.24"
Gilliam County,,
Ocean County,"2.50","2.50"
Boone County,,
Comanche County,,
Jones County,,
Grimes County,,
Genesee County,"1.11","3.91"
Assumption Parish,"2.70","3.52"
Calhoun County,,
Greene County,,
Custer County,,
Roberts County,,
Ogle County,,
Richland County,,
Barron County,,
Iron County,,
Wabasha County,,
Del Norte County,,
Pushmataha County,,
Chelan County,,
Presque Isle County,,
Cleveland County,"0.49","3.55"
Sullivan County,"4.54","2.38"
Polk County,,
Scotland County,,
Harnett County,,
Lee County,,
Tipton County,,
Clay County,,
Wagoner County,,
Richland County,,
Ashley County,,
Desha County,,
Vieques Municipio,,
Perry County,,
Washington County,"0.30","2.26"
Portsmouth city,,
Fayette County,,
Grant County,,
Shenandoah County,,
Irion County,,
Caldwell County,,
Putnam County,,
Crawford County,,
Lewis County,,
Grant County,,
Loíza Municipio,,
Oneida County,,
Moultrie County,,
Hopkins County,,
Clearwater County,,
Bell County,,
Crow Wing County,,
Western District,,
Añasco Municipio,,
Graham County,,
St. Francis County,,
Echols County,,
Dillingham Census Area,,
Lincoln County,,
Smith County,,
Jefferson County,,
Cidra Municipio,,
Amite County,,
Montgomery County,,
Calhoun County,,
Cleburne County,,
Weld County,"1.58","2.62"
Beckham County,,
Modoc County,,
Polk County,"0.58","1.79"
Liberty County,,
Navarro County,,
Brooks County,,
Williamson County,"0.69","1.72"
Laramie County,,
Asotin County,,
Traverse County,,
Cass County,,
Rockdale County,"1.41","3.51"
Juniata County,,
McKean County,,
Garvin County,,
Burt County,,
San Juan County,"0.52","2.44"
Orleans County,,
De Soto Parish,"2.78","3.78"
Fresno County,"0.35","2.76"
Elbert County,,
Barbour County,,
Bladen County,,
Dallam County,,
Sangamon County,,
Craig County,,
Cumberland County,,
Otsego County,,
Sac County,,
Emery County,,
Ferry County,,
Wibaux County,,
Lincoln County,,
Cherokee County,,
Yellow Medicine County,,
Hunt County,,
Mitchell County,,
Wood County,,
Osage County,,
Cherokee County,,
Mecosta County,,
Pike County,,
Lafayette County,,
Catawba County,,
Breathitt County,,
Childress County,,
Ripley County,,
Tazewell County,,
Jeff Davis County,,
Lexington city,,
Sharp County,,
Larimer County,"1.47","2.62"
Tyrrell County,,
Rice County,,
Warren County,,
Warren County,,
Caddo Parish,"2.75","3.46"
Todd County,,
Marshall County,,
Tillman County,,
Macon County,,
Monroe County,,
Switzerland County,,
Hickman County,,
Geneva County,,
LaSalle County,,
Delaware County,,
Morris County,,
Davis County,,
Boise County,,
Monroe County,,
Perquimans County,,
Hamilton County,,
Matanuska-Susitna Borough,,
Delaware County,,
Levy County,,
Gurabo Municipio,,
Hatillo Municipio,,
Hancock County,,
Wilcox County,,
Red River Parish,,
Knox County,"0.74","1.50"
Oxford County,,
Jackson County,"0.53","1.91"
Towns County,,
Smith County,,
Payette County,,
Shoshone County,,
Hyde County,,
Floyd County,,
McCracken County,,
Union County,,
Turner County,,
Cocke County,,
Hancock County,,
Hardin County,,
Marion County,,
Guayama Municipio,,
Washington Parish,"2.86","3.26"
Stoddard County,,
Dooly County,,
Stearns County,,
Saunders County,,
Sherburne County,,
Davison County,,
Claiborne County,,
Montague County,,
Brown County,,
Racine County,,
Shawano County,,
Audubon County,,
Haskell County,,
Logan County,,
Oneida County,"4.43","2.38"
Lake County,,
Pittsburg County,,
Doddridge County,,
Wirt County,,
Carroll County,,
Tyler County,,
Northern Islands Municipality,,
Le Sueur County,,
Douglas County,,
Cattaraugus County,,
Dodge County,,
Jones County,,
Barber County,,
Pulaski County,,
Dale County,,
Logan County,,
Madera County,,
Gentry County,,
Blaine County,,
Daggett County,,
Platte County,,
Gaston County,,
Guadalupe County,,
Golden Valley County,,
Johnston County,,
Santa Clara County,"0.30","2.36"
Charleston County,"0.59","1.84"
Benton County,"0.91","4.92"
Adair County,,
Erie County,,
Vermilion County,,
St. Louis County,"0.49","1.57"
Boone County,,
Tehama County,,
Dane County,"0.56","2.91"
Fisher County,,
Sabine Parish,,
Morgan County,,
Pulaski County,,
Bertie County,,
Stanly County,,
Rhea County,,
Greene County,,
Leslie County,,
Somerset County,,
Marshall County,,
Lyon County,,
Concho County,,
Coke County,,
Overton County,,
Huron County,,
Iosco County,,
Coffee County,,
Ware County,,
Grant County,,
Jefferson Parish,"2.59","3.15"
St. Tammany Parish,"2.39","3.02"
Hardin County,,
Cameron Parish,,
Clinton County,,
St. Louis County,,
Lorain County,"0.46","2.51"
Vega Alta Municipio,,
Boone County,,
Polk County,,
Dixon County,,
Harford County,,
Edgefield County,,
Accomack County,,
Calumet County,,
Knox County,,
Ionia County,,
New Hanover County,,
Obion County,,
Calloway County,,
Albemarle County,,
Robertson County,"0.76","1.64"
Clarke County,,
Garfield County,,
Jackson County,,
Cook County,,
Oconee County,,
East Baton Rouge Parish,"2.62","3.18"
Claiborne County,,
St. Mary's County,,
Kent County,"1.05","4.22"
Pitt County,,
Carbon County,,
Stanton County,,
Appling County,,
Jasper County,,
Wayne County,,
Cottle County,,
Greensville County,,
Polk County,"0.50","2.06"
Young County,,
Tallapoosa County,,
Rockingham County,"0.58","1.22"
Rio Grande County,,
Plymouth County,,
Yates County,,
King County,"0.85","4.47"
Deschutes County,,
Pottawattamie County,,
Wright County,,
Toole County,,
Tioga County,,
Lee County,,
Fulton County,"1.40","3.36"
Cherokee County,,
Audrain County,,
Colleton County,,
Jefferson County,,
Greene County,,
Hall County,,
Burnett County,,
Torrance County,,
Pacific County,,
Pender County,,
Hood County,,
Stanley County,,
Washoe County,"0.65","2.84"
Ballard County,,
Archer County,,
Baylor County,,
San Augustine County,,
Storey County,,
Schley County,,
Fairfield County,"1.03","3.37"
Madison County,,
San Joaquin County,"0.34","2.71"
Winston County,,
Henry County,,
Mercer County,,
Wheeler County,,
Lewis County,,
Grant County,,
Humphreys County,,
Clarke County,,
Chase County,,
Trigg County,,
Houston County,,
Aurora County,,
Aleutians East Borough,,
Franklin County,,
Kent County,,
Crawford County,,
Chippewa County,,
Pennington County,,
Hampton County,,
Fremont County,,
Bryan County,,
Dinwiddie County,,
St. Lucie County,"0.47","2.00"
Monroe County,"4.23","1.85"
Lincoln County,,
Chippewa County,,
Woodson County,,
Marshall County,,
Clinch County,,
Lowndes County,,
Kalawao County,,
Kauai County,,
Macomb County,"1.01","3.53"
Turner County,,
Jasper County,,
Milam County,,
Spencer County,,
Hart County,,
Lincoln County,,
Blaine County,,
Norfolk city,"0.56","0.78"
Reeves County,,
Pulaski County,,
Union County,"0.36","0.90"
McKenzie County,,
Okaloosa County,"0.43","1.92"
Alameda County,"0.31","2.24"
Calhoun County,,
Kosciusko County,,
Noxubee County,,
Woodruff County,,
Gloucester County,"2.39","2.56"
Hillsborough County,"0.61","1.29"
Judith Basin County,,
Mitchell County,,
Powell County,,
Polk County,,
Wasco County,,
Perkins County,,
Taylor County,,
Washington County,,
Defiance County,,
Greenbrier County,,
Marion County,,
Dickenson County,,
Amelia County,,
Randolph County,,
Luna County,,
Nueces County,,
Weston County,,
Toa Baja Municipio,,
Warren County,,
Madison County,"0.69","2.65"
Wilson County,"0.71","1.50"
Camp County,,
Jefferson County,,
Ritchie County,,
Page County,,
Jefferson County,,
Iberia Parish,"2.84","4.21"
Kusilvak Census Area,,
Onslow County,,
Faribault County,,
Grainger County,,
Freestone County,,
Mifflin County,,
Crenshaw County,,
Bristol city,,
Runnels County,,
Terrell County,,
Rawlins County,,
Thomas County,,
Jeff Davis County,,
Cherokee County,,
White County,,
Leflore County,,
Cooper County,,
Dickinson County,,
Will County,"0.62","2.04"
Deaf Smith County,,
Brookings County,,
Clay County,,
Coahoma County,,
Boone County,"0.93","2.42"
Des Moines County,,
Scott County,,
Ottawa County,,
Columbia County,,
Holmes County,,
Harrison County,"0.65","1.67"
Utuado Municipio,,
Bradley County,,
Carlton County,,
Marion County,,
Schoharie County,,
Pawnee County,,
Broome County,"4.33","2.40"
Liberty County,,
Athens County,,
Jefferson County,,
Randolph County,,
Marion County,,
Cumberland County,,
Nevada County,,
Douglas County,,
Pulaski County,,
Edgecombe County,,
Jasper County,,
Beaver County,,
Murray County,,
Jay County,,
Montcalm County,,
Rensselaer County,"4.03","1.91"
Collier County,"0.44","2.19"
McKinley County,,
Ben Hill County,,
Lee County,,
Baker County,,
Lanier County,,
Rice County,,
Calhoun County,,
Jackson County,"0.59","1.44"
Campbell County,,
Cumberland County,,
Panola County,,
Hansford County,,
Chambers County,,
Quitman County,,
Hardin County,,
Litchfield County,"0.94","2.95"
Sandusky County,,
Piscataquis County,,
Pulaski County,,
Okfuskee County,,
Saginaw County,"1.12","4.24"
Rio Arriba County,,
Caledonia County,,
Botetourt County,,
Madison County,,
Collin County,"0.25","1.54"
Abbeville County,,
Dodge County,,
Sarasota County,"0.42","1.89"
Marquette County,,
Mohave County,,
Yavapai County,,
Horry County,"0.64","2.25"
Montgomery County,"0.92","1.29"
Lewis County,,
Arecibo Municipio,,
Norton city,,
Morris County,"2.36","2.62"
Sullivan County,,
Ness County,,
Brazoria County,"0.28","1.56"
Staunton city,,
Chase County,,
Montgomery County,"0.48","2.64"
Throckmorton County,,
Oglethorpe County,,
Conway County,,
Nodaway County,,
Ransom County,,
Bay County,,
Shelby County,"0.84","1.70"
Butte County,,
Pine County,,
Bastrop County,,
Klickitat County,,
San Juan County,,
Brown County,,
Wilson County,,
Natchitoches Parish,,
Terrebonne Parish,"2.79","4.08"
Irwin County,,
North Slope Borough,,
Arenac County,,
Lee County,,
Osborne County,,
Emmet County,,
Fremont County,,
Lincoln County,,
Seneca County,,
Laurel County,,
Meigs County,,
Taney County,,
Taylor County,,
Williamsburg city,,
Scurry County,,
Gilpin County,,
McClain County,,
Pendleton County,,
Page County,,
Le Flore County,,
Summers County,,
Mecklenburg County,"0.39","0.99"
Essex County,"2.86","2.79"
Linn County,,
Montgomery County,,
Sherman County,,
Greene County,,
Buffalo County,,
Mellette County,,
Ector County,,
Limestone County,,
Grays Harbor County,,
Berkeley County,,
Villalba Municipio,,
Park County,,
Denton County,"0.26","1.60"
Cherokee County,,
Yancey County,,
Red River County,,
Matagorda County,,
Stevens County,,
Warren County,,
Hardeman County,,
Monroe County,,
Jenkins County,,
Grayson County,,
Palo Pinto County,,
Heard County,,
Lawrence County,,
Guaynabo Municipio,,
Marshall County,,
Clark County,,
Haskell County,,
Bienville Parish,,
Walker County,,
Iowa County,,
Buffalo County,,
Beaver County,,
Butler County,,
Roosevelt County,,
Barceloneta Municipio,,
Cowlitz County,,
Live Oak County,,
Moniteau County,,
Westmoreland County,,
Yadkin County,,
Merced County,,
Dewey County,,
Burke County,,
Wayne County,,
Warren County,,
Howard County,,
Davie County,,
McDowell County,,
Nevada County,,
Yuma County,,
Sherman County,,
Uvalde County,,
Auglaize County,,
Bossier Parish,"2.57","3.46"
Emmet County,,
Saline County,,
Magoffin County,,
Bailey County,,
Callaway County,,
Albany County,,
Park County,,
Montour County,,
Queens County,,
Suwannee County,,
Cheboygan County,,
Gladwin County,,
Montgomery County,,
Lancaster County,,
Larue County,,
Woodbury County,,
Taylor County,,
Alexander County,,
Jefferson County,"0.48","1.47"
Lincoln County,,
Chatham County,"1.46","3.88"
Union County,,
Genesee County,,
Clay County,,
Fallon County,,
Potter County,,
Culberson County,,
Cumberland County,"0.66","1.83"
Atascosa County,,
Kingman County,,
Rabun County,,
Upshur County,,
Texas County,,
Pulaski County,"1.12","1.88"
Crawford County,,
Bannock County,,
Geauga County,,
Cayey Municipio,,
Tulare County,"0.35","2.65"
Arroyo Municipio,,
San Germán Municipio,,
Wayne County,,
Rockbridge County,,
Towner County,,
Delaware County,"0.98","1.29"
Niagara County,"4.02","1.90"
Bennington County,,
Clay County,"0.43","1.95"
Wake County,"0.37","1.00"
Hamilton County,"0.46","2.58"
Bergen County,"2.44","2.66"
Lincoln County,,
Nome Census Area,,
McCone County,,
Buchanan County,,
DuPage County,"0.62","2.25"
Fall River County,,
Kittson County,,
Oconee County,,
Wilson County,,
Fillmore County,,
Madison County,,
Carolina Municipio,,
Sullivan County,,
La Paz County,,
Brooks County,,
Aleutians West Census Area,,
Kodiak Island Borough,,
Stafford County,,
Telfair County,,
Monroe County,"0.97","3.60"
White County,,
Noble County,,
Livingston County,,
Miller County,,
Lincoln County,,
Shelby County,,
York County,,
Adams County,,
Allendale County,,
Davidson County,"0.79","1.60"
Uintah County,,
Utah County,"1.62","0.75"
Clay County,,
Kings County,,
Morgan County,,
Holmes County,,
Osceola County,,
Jennings County,,
Twin Falls County,,
Saline County,,
Kalamazoo County,,
Lee County,,
Johnson County,,
Daviess County,,
Grand Traverse County,,
Allen Parish,,
Hughes County,,
Hyde County,,
Clarendon County,,
Stillwater County,,
Bledsoe County,,
Todd County,,
Weakley County,,
Greene County,"0.52","2.06"
Lehigh County,"1.04","1.48"
Seward County,,
Chemung County,,
Wyoming County,,
Stanislaus County,"0.34","2.60"
Northampton County,"0.95","1.21"
Morgan County,,
Breckinridge County,,
Grenada County,,
Simpson County,,
Grand Isle County,,
Columbiana County,,
Nelson County,,
Osceola County,"0.49","1.81"
Grant County,,
Laurens County,,
New York County,"4.26","2.18"
Benton County,,
Isabela Municipio,,
Marion County,,
Nottoway County,,
Warren County,"2.42","2.51"
Columbia County,"4.08","2.24"
Martinsville city,,
Choctaw County,,
Dickinson County,,
Starr County,,
Effingham County,,
Roger Mills County,,
Richland County,,
Lea County,,
Lamar County,,
Florida Municipio,,
Marshall County,,
Appomattox County,,
Madison County,,
Sheridan County,,
Cumberland County,"0.92","1.33"
Franklin County,,
Luzerne County,"1.03","1.44"
Crawford County,,
Russell County,,
Carroll County,,
Fluvanna County,,
Lake County,"0.65","2.44"
Madison County,,
Dallas County,,
Jackson County,,
Kit Carson County,,
Owyhee County,,
Wood County,,
Chautauqua County,,
Cobb County,"1.30","3.40"
Johnson County,,
Belmont County,,
Wise County,,
Carter County,,
Bryan County,,
Clay County,,
Charles County,"0.58","1.55"
Cerro Gordo County,,
Greene County,,
Rowan County,,
Wayne County,,
Cape Girardeau County,,
Walla Walla County,,
Mississippi County,,
Cleveland County,,
Dallas County,"0.30","1.57"
Lajas Municipio,,
DeKalb County,,
Ouachita Parish,"2.76","3.71"
St. John the Baptist Parish,"2.68","3.26"
St. Helena Parish,,
Schuyler County,,
Franklin County,,
Carroll County,,
Clear Creek County,,
Kimble County,,
Mackinac County,,
McCulloch County,,
Tishomingo County,,
Crockett County,,
Hill County,,
Logan County,,
Finney County,,
Montgomery County,,
Fairfield County,,
Cheyenne County,,
Martin County,,
Sevier County,,
Polk County,,
Kent County,,
Teton County,,
Garden County,,
Macoupin County,,
Ross County,,
Whiteside County,,
El Paso County,"0.31","1.84"
Loving County,,
Latimer County,,
Washington County,,
Howell County,,
Edwards County,,
Jefferson County,"0.52","3.43"
Logan County,,
Winnebago County,,
Fulton County,,
Harvey County,,
Dawson County,,
Taylor County,,
Midland County,,
Quitman County,,
Hardin County,,
Jefferson County,,
Hamlin County,,
Lincoln County,,
Franklin County,,
Fredericksburg city,,
Raleigh County,,
Chaves County,,
Santa Fe County,"0.47","2.68"
Orange County,"0.30","2.03"
Santa Cruz County,,
Currituck County,,
Lawrence County,,
Howard County,,
Pike County,,
Christian County,,
Eaton County,"1.01","4.46"
Wapello County,,
Imperial County,"0.35","2.17"
Cass County,,
Wilkinson County,,
Yakutat City and Borough,,
Sheridan County,,
Leake County,,
Caguas Municipio,,
Camuy Municipio,,
Clay County,,
Franklin County,,
Neshoba County,,
Edmunds County,,
Río Grande Municipio,,
Conecuh County,,
Dearborn County,,
Jackson County,,
Lee County,,
West Feliciana Parish,,
Crittenden County,,
Jackson County,,
Dickens County,,
Mathews County,,
Renville County,,
La Salle County,,
Onondaga County,"4.23","2.22"
Henry County,,
Harlan County,,
Powder River County,,
Juana Díaz Municipio,,
Pepin County,,
Apache County,,
Macon County,,
Lamb County,,
Kiowa County,,
Austin County,,
Daviess County,,
Seminole County,,
Manistee County,,
Lyon County,,
Hutchinson County,,
Texas County,,
Woodward County,,
Adams County,,
Sutter County,,
Potter County,,
Val Verde County,,
Harper County,,
Monona County,,
Juab County,,
Stephens County,,
Chenango County,,
Peoria County,,
Humboldt County,,
Washington County,,
Iowa County,,
Morrison County,,
Allegheny County,"0.94","1.23"
Shelby County,,
Madison County,,
Washington County,,
Champaign County,"0.68","2.46"
Washington County,,
Edgar County,,
Washington County,,
Hardin County,,
Missaukee County,,
Stutsman County,,
Shannon County,,
Smith County,"0.30","1.85"
Tulsa County,"0.52","3.70"
McIntosh County,,
Robertson County,,
Gillespie County,,
Oakland County,"0.96","3.48"
Golden Valley County,,
Niobrara County,,
Pipestone County,,
King George County,,
Grant County,"0.99","5.79"
Renville County,,
Alachua County,"0.44","1.98"
Hooker County,,
Prince Edward County,,
Carbon County,,
Bucks County,"0.90","1.22"
Hand County,,
Lycoming County,,
Latah County,,
Putnam County,,
Galax city,,
Quay County,,
King County,,
Lafayette County,,
Tom Green County,,
Hardee County,,
Clermont County,,
Yoakum County,,
Yamhill County,,
Louisa County,,
Elk County,,
Noble County,,
Putnam County,,
Somervell County,,
Lebanon County,"1.01","1.52"
Glacier County,,
Pershing County,,
Mahnomen County,,
Passaic County,"2.81","3.20"
Lake County,,
Kenedy County,,
Borden County,,
Perry County,,
San Saba County,,
Kingfisher County,,
Burleson County,,
Fulton County,,
Sunflower County,,
Hennepin County,"0.32","2.25"
Centre County,,
Bee County,,
Henderson County,,
Tama County,,
Seward County,,
Monroe County,,
Richardson County,,
Christian County,,
Nassau County,,
Washington County,,
Baker County,,
Thomas County,,
Anderson County,,
Oldham County,,
Cherokee County,"1.25","3.36"
Oliver County,,
Osceola County,,
McNairy County,,
Adams County,,
Dade County,,
St. Mary Parish,"2.80","4.38"
Chittenden County,"1.04","1.90"
Comerío Municipio,,
Maui County,,
Lafourche Parish,"2.69","3.89"
Muscatine County,,
Santa Rosa County,"0.43","1.91"
Martin County,,
Rockcastle County,,
Trimble County,,
Chattooga County,,
Dillon County,,
Jones County,,
Scotland County,,
Nemaha County,,
Norton County,,
Aguas Buenas Municipio,,
Cataño Municipio,,
Furnas County,,
Decatur County,,
Wayne County,,
Barren County,,
Howard County,,
Dunn County,,
Amador County,,
Fentress County,,
Coffey County,,
Branch County,,
Campbell County,,
Meigs County,,
Nicholas County,,
Grant County,,
Spink County,,
Windsor County,,
Trinity County,,
Bernalillo County,"0.49","2.34"
Mitchell County,"1.58","3.62"
Hawaii County,,
McCreary County,,
Pendleton County,,
Spencer County,,
Hill County,,
Valley County,,
Castro County,,
Washington County,,
Letcher County,,
Salem County,,
Lynchburg city,,
Saline County,,
Mason County,,
Gilmer County,,
Jefferson County,,
Rolette County,,
Treasure County,,
Clark County,,
Morovis Municipio,,
Allegan County,,
Benton County,,
Brown County,,
Pickett County,,
Louisa County,,
Shelby County,,
Franklin County,"0.46","2.55"
Iron County,,
Esmeralda County,,
Keweenaw County,,
Sanpete County,,
Kearny County,,
Brevard County,"0.43","1.80"
Monroe County,,
Lucas County,,
Woodford County,,
Jasper County,,
Brewster County,,
McCormick County,,
Union County,,
Nicollet County,,
Marinette County,,
Clark County,"0.85","4.21"
Price County,,
Miami County,,
Ellsworth County,,
West Carroll Parish,,
Liberty County,,
Hodgeman County,,
Meade County,,
McLean County,,
Adams County,,
Las Marías Municipio,,
Itawamba County,,
Franklin County,,
Hancock County,,
Knox County,,
Newton County,,
Faulk County,,
Houghton County,,
Mineral County,,
Franklin County,,
Concordia Parish,,
Livingston Parish,"2.47","3.11"
Essex County,"1.55","1.90"
Butte County,,
Douglas County,"1.43","2.45"
Richland County,"0.64","2.05"
Madison County,"1.10","2.70"
Murray County,,
Brooke County,,
Calhoun County,,
Bland County,,
Yellowstone County,,
Lincoln County,,
Lake County,,
Grady County,,
Conejos County,,
San Juan County,,
Putnam County,,
Gooding County,,
Tipton County,,
West Baton Rouge Parish,,
Putnam County,,
Teton County,,
Grant County,,
Morton County,,
Chowan County,,
Buncombe County,,
Plumas County,,
Petersburg city,,
Washington County,,
Meade County,,
Marion County,"1.13","2.74"
Chicot County,,
Bibb County,,
Guayanilla Municipio,,
San Sebastián Municipio,,
Pope County,,
Southampton County,,
Gregg County,,
Rockland County,"4.32","2.14"
Marion County,,
Suffolk city,,
El Paso County,"1.58","2.82"
St. Francois County,,
Ward County,,
Kiowa County,,
Wilbarger County,,
Curry County,,
Teller County,,
Clinton County,,
Wasatch County,"1.53","0.88"
Caribou County,,
Rockingham County,,
Prairie County,,
Bradley County,,
Hamilton County,,
Caroline County,,
Douglas County,,
Jefferson County,,
Fairfax County,"0.48","0.92"
Deer Lodge County,,
Anderson County,,
Huron County,,
Bacon County,,
Kent County,"0.66","2.10"
Wood County,,
Jackson County,,
Anderson County,,
Knox County,,
Wheatland County,,
Cannon County,,
Franklin County,,
Menifee County,,
McPherson County,,
Gunnison County,"1.47","3.32"
Charlevoix County,,
Swift County,,
Seneca County,,
Tattnall County,,
Stephens County,,
Martin County,,
Ravalli County,,
Wilkes County,,
Lincoln County,,
San Mateo County,"0.29","2.51"
Williams County,,
Baca County,,
Boundary County,,
Bear Lake County,,
Union County,,
Cuyahoga County,"0.48","2.69"
Lavaca County,,
Nowata County,,
Glascock County,,
Umatilla County,,
Oglala Lakota County,,
Marshall County,,
Madison Parish,,
Valley County,,
Whitfield County,,
Wichita County,,
Charles Mix County,,
Cedar County,,
Kitsap County,"0.85","5.04"
McHenry County,"0.60","2.09"
Petroleum County,,
Carroll County,,
Whitman County,,
Steele County,,
Thayer County,,
Crockett County,,
Hamilton County,,
Warren County,,
Spalding County,,
Hunterdon County,"2.30","2.62"
Vernon County,,
Parke County,,
Franklin County,,
Butts County,,
Elbert County,,
Bristol County,,
Bosque County,,
Newport County,,
Fairfield County,,
Pierce County,,
Carroll County,,
Red Lake County,,
Jefferson County,,
Cheatham County,,
Union County,,
Elmore County,,
Lumpkin County,,
Knox County,,
Bremer County,,
Goliad County,,
Henderson County,,
Indian River County,"0.44","2.02"
Roberts County,,
Deuel County,,
Livingston County,,
O'Brien County,,
Callahan County,,
Rains County,,
Grant County,,
Lee County,,
Sierra County,,
Drew County,,
Morrill County,,
Benton County,,
Pike County,,
Mesa County,,
Dent County,,
Tazewell County,,
Pike County,"0.91","1.32"
Susquehanna County,,
Morris County,,
Washington County,,
Addison County,,
Leavenworth County,,
Muskegon County,,
Hinds County,"0.65","1.43"
Lampasas County,,
Loudoun County,"0.46","0.81"
St. Clair County,,
Delaware County,,
Phillips County,,
Mercer County,,
Mason County,,
Nash County,,
York County,,
Pettis County,,
Missoula County,,
Chautauqua County,,
Upshur County,,
Culpeper County,,
Haskell County,,
Ohio County,,
Morgan County,,
Rockingham County,,
Whitley County,,
Siskiyou County,,
Day County,,
Orleans Parish,"2.68","3.11"
Jefferson County,"0.75","2.88"
Walker County,,
DeKalb County,,
Gadsden County,,
Dade County,,
DeSoto County,"0.56","1.19"
Warren County,,
Edwards County,,
Madison County,,
Saipan Municipality,,
Randolph County,,
Ashe County,,
Dolores County,,
Licking County,"0.42","2.36"
Manassas city,,
Union County,,
Henderson County,,
Montgomery County,"0.79","3.14"
Arapahoe County,"1.52","2.38"
Marion County,,
Skagit County,"0.91","5.71"
Jones County,,
Columbia County,,
Brunswick County,,
Clearwater County,,
Northampton County,,
Rooks County,,
Fayette County,,
Hall County,,
Hamilton County,,
Loup County,,
Sheridan County,,
Frontier County,,
Luquillo Municipio,,
Bibb County,,
Lauderdale County,"0.66","1.71"
Big Stone County,,
Blue Earth County,,
Highland County,,
Spotsylvania County,,
Strafford County,,
Houston County,"1.41","3.23"
Delta County,,
Sebastian County,,
Santa Cruz County,"0.31","3.05"
McIntosh County,,
Monroe County,,
Dunklin County,,
Wheeler County,,
Forsyth County,"1.23","3.18"
San Patricio County,,
Walthall County,,
Monroe County,,
Isabella County,,
Moore County,,
Calhoun County,,
Sublette County,,
Fleming County,,
Clark County,,
York County,"0.60","1.97"
Adams County,,
Ascension Parish,"2.44","2.92"
Union County,,
Chesterfield County,"0.47","0.84"
Acadia Parish,"2.80","3.66"
Crawford County,,
Tripp County,,
Guthrie County,,
Washington County,,
Sanborn County,,
Grady County,,
Kanawha County,,
St. Croix County,,
Venango County,,
Summit County,"0.44","2.38"
Glynn County,,
Webb County,"0.31","1.42"
Montgomery County,,
Aroostook County,,
Jefferson Davis County,,
Washington County,,
Blanco County,,
Brunswick County,,
Dyer County,,
Gibson County,,
Prince George County,,
Lawrence County,,
Eddy County,,
Pierce County,"0.90","4.86"
Lincoln County,,
Lancaster County,"0.99","1.48"
Juneau County,,
Scott County,,
Corson County,,
Gregory County,,
Vance County,,
Caldwell County,,
Barnwell County,,
Decatur County,,
Blackford County,,
Etowah County,,
Camas County,,
Reno County,,
Maury County,,
Goshen County,,
Rusk County,,
Waukesha County,"0.54","2.29"
Garrard County,,
Norfolk County,"1.43","1.65"
Hendricks County,"0.94","2.58"
Jackson County,,
Georgetown County,,
Hettinger County,,
Grand County,,
Tooele County,,
Hampton city,,
Buffalo County,,
Frederick County,,
Lewis County,,
Polk County,,
Redwood County,,
Fayette County,,
Swains Island,,
St. Charles Parish,"2.42","2.69"
Poinsett County,,
Gulf County,,
Hamblen County,,
Chilton County,,
Newton County,,
Hockley County,,
Baldwin County,,
Transylvania County,,
Surry County,,
Coffee County,,
Shelby County,,
Canyon County,"4.38","1.06"
Daniels County,,
Leon County,,
Payne County,,
Covington County,,
Lawrence County,,
Gray County,,
Casey County,,
Metcalfe County,,
Russell County,,
Beauregard Parish,,
Somerset County,,
Cimarron County,,
Meade County,,
Nelson County,,
Owen County,,
Pemiscot County,,
Nance County,,
Menominee County,,
Panola County,,
Bath County,,
Anderson County,,
Caroline County,,
Sioux County,,
Glenn County,,
St. Louis city,"0.57","1.47"
Fannin County,,
Grant County,,
Marshall County,,
Thurston County,"0.86","5.16"
Knox County,,
Valencia County,,
Prairie County,,
Allamakee County,,
Cameron County,"0.32","1.29"
Montgomery County,"0.27","1.66"
Las Animas County,,
Llano County,,
Mason County,,
Clay County,,
Orange County,"4.26","2.12"
Schenectady County,"4.09","1.99"
Mingo County,,
Wabaunsee County,,
Houston County,,
Nicholas County,,
Plymouth County,"1.44","1.72"
Bronx County,,
Dare County,,
Medina County,"0.40","2.29"
Armstrong County,,
Atlantic County,"2.82","3.27"
Manitowoc County,,
Door County,,
Columbus County,,
Gallia County,,
Taylor County,,
Colonial Heights city,,
Coshocton County,,
Perkins County,,
Hartley County,,
Grand County,,
Jim Wells County,,
Winnebago County,,
San Luis Obispo County,"0.30","2.90"
Henry County,,
Wyandot County,,
Zapata County,,
Lee County,"1.33","3.59"
Boyd County,,
Carver County,,
Colfax County,,
Chesterfield County,,
Lewis County,,
Washington County,"0.38","2.00"
Virginia Beach city,"0.48","0.73"
Madison County,,
Lancaster County,,
Bates County,,
Belknap County,,
Richmond County,,
Skagway Municipality,,
Hoonah-Angoon Census Area,,
Franklin County,,
Ida County,,
Sedgwick County,"0.53","3.26"
Travis County,"0.27","1.75"
Hillsborough County,"0.47","1.76"
Mercer County,"2.65","2.75"
Butler County,,
Westmoreland County,"0.91","1.21"
Charlotte County,,
Cass County,,
Mercer County,,
Rose Island,,
Johnson County,,
Kent County,"0.54","0.95"
Windham County,,
Orleans County,,
Jackson County,,
Franklin Parish,,
Webster County,,
Franklin County,"1.43","1.83"
Cherry County,,
Beaverhead County,,
New Madrid County,,
Hempstead County,,
Camden County,,
Mecklenburg County,,
Webster County,,
Garfield County,,
Skamania County,,
Lenawee County,,
Gilmer County,,
Roseau County,,
Madison County,"0.56","1.35"
Howard County,,
Wayne County,,
